angle_x,angle_y,angle_z,brisk.threshold,err_MTRE,err_bias_x,err_bias_y,err_bias_z,fpfh.searchRadius,harris.searchRadius,harris.threshold,normals.searchRadius,pipelineType,sacia.maxCorrFeatureDist,sacia.minSampleDist,sacia.numIterations,sacia.numSamplesPerIter,seedRef,seedRot,seedSource,sift.minContrastSource,sift.minContrastTarget,sift.minScaleSource,sift.minScaleTarget,sift.numOctavesSource,sift.numOctavesTarget,sift.numScalesPerOctaveSource,sift.numScalesPerOctaveTarget
0.000000,0.000000,-154.539043,60.000000,29.736204,22.721736,-10.339902,-2.285073,3.000000,2.000000,0.000000,1.500000,sift,1.000000,1.500000,500.000000,50.000000,0.190000,0.766800,0.344000,0.001000,0.001000,0.500000,0.500000,6.000000,6.000000,8.000000,8.000000
0.000000,0.000000,-154.539043,60.000000,27.792204,23.148186,-14.756733,-1.010109,3.000000,2.000000,0.000000,1.500000,sift,1.000000,1.500000,500.000000,50.000000,0.190000,0.766800,0.344000,0.001000,0.001000,0.500000,0.500000,6.000000,6.000000,8.000000,8.000000
0.000000,0.000000,-154.539043,60.000000,18.432243,16.337039,-4.867853,-0.988528,3.000000,2.000000,0.000000,1.500000,harris,1.000000,1.500000,500.000000,50.000000,0.190000,0.766800,0.344000,0.001000,0.001000,0.500000,0.500000,6.000000,6.000000,8.000000,8.000000
0.000000,0.000000,-154.539043,60.000000,20.715707,14.670679,-13.722465,-1.563332,3.000000,2.000000,0.000000,1.500000,harris,1.000000,1.500000,500.000000,50.000000,0.190000,0.766800,0.344000,0.001000,0.001000,0.500000,0.500000,6.000000,6.000000,8.000000,8.000000
